Vote,Cherry Almond Custard,Chicken Pot Pie,Group J,K'ok Samsa,Kedjenou Stew,Mango Tart,Panama Papaya,Quindim
Ballot #1,NA,1,NA,NA,NA,3,2,NA
Ballot #2,NA,NA,1,NA,2,3,NA,NA
Ballot #3,NA,1,NA,2,NA,3,NA,NA
Ballot #4,NA,NA,NA,NA,2,1,3,NA
Ballot #5,NA,NA,NA,NA,1,2,3,NA
Ballot #6,NA,NA,2,NA,NA,1,3,NA
Ballot #7,3,NA,NA,NA,NA,1,2,NA
Ballot #8,NA,NA,NA,NA,3,2,NA,1
Ballot #9,NA,NA,NA,3,2,1,NA,NA
Ballot #10,NA,NA,NA,NA,1,3,2,NA
Ballot #11,NA,NA,NA,NA,1,NA,3,2
Ballot #12,NA,NA,1,3,2,NA,NA,NA
Ballot #13,NA,NA,NA,3,2,1,NA,NA
Ballot #14,NA,NA,2,NA,1,3,NA,NA
Ballot #15,NA,NA,NA,NA,3,1,NA,2
Ballot #16,NA,NA,3,NA,1,2,NA,NA
